Catégorie,Nom du produit,Description,Prix,Poids,URL photo
nos anciennes page 1 -50% de rabais en +,n°1 regulateur tension 12v f461s,regulateur de tension avec notice et schema 12v ref f461s camion hotchkiss moteur perkins pas de tva recuperable port en +,15€,1 kg,"https://image.jimcdn.com/app/cms/image/transf/dimension=266x355:format=jpg/path/sb01c7afa87881667/image/i3134504b6308f17b/version/1393670025/image.jpg,https://image.jimcdn.com/app/cms/image/transf/dimension=50x50:mode=crop:format=jpg/path/sb01c7afa87881667/image/i3134504b6308f17b/version/1393670025/image.jpg,https://image.jimcdn.com/app/cms/image/transf/dimension=50x50:mode=crop:format=jpg/path/sb01c7afa87881667/image/i6f25721efd4a11b7/version/1393670025/image.jpg"
nos anciennes page 1 -50% de rabais en +,n°2 regulateur tension 12v f412s,regulateur de tension avec notice et schema 12v ref f412s camion ford f798w f598t f798t f698w f798w pas de tva recuperable port en +,15€,1 kg,"https://image.jimcdn.com/app/cms/image/transf/dimension=266x355:format=jpg/path/sb01c7afa87881667/image/i24dec3c88c5d7a48/version/1393670052/image.jpg,https://image.jimcdn.com/app/cms/image/transf/dimension=50x50:mode=crop:format=jpg/path/sb01c7afa87881667/image/i24dec3c88c5d7a48/version/1393670052/image.jpg,https://image.jimcdn.com/app/cms/image/transf/dimension=50x50:mode=crop:format=jpg/path/sb01c7afa87881667/image/iae7e1a8fa61db60e/version/1393670052/image.jpg"
nos anciennes page 1 -50% de rabais en +,n°3 regulateur tension 12v w159lu,regulateur de tension avec notice et schema 12v ref w159lu pas de tva recuperable port en +,15€,1 kg,"https://image.jimcdn.com/app/cms/image/transf/dimension=266x355:format=jpg/path/sb01c7afa87881667/image/ie6e098645048ebfd/version/1393670074/image.jpg,https://image.jimcdn.com/app/cms/image/transf/dimension=50x50:mode=crop:format=jpg/path/sb01c7afa87881667/image/ie6e098645048ebfd/version/1393670074/image.jpg,https://image.jimcdn.com/app/cms/image/transf/dimension=50x50:mode=crop:format=jpg/path/sb01c7afa87881667/image/i7a08f688c66474f2/version/1393670074/image.jpg"
nos anciennes page 1 -50% de rabais en +,n°7 regulateur tension 28v e2151b,regulateur de tension avec notice et schema 28v ref e2151b pas de tva recuperable port en +,15€,1 kg,"https://image.jimcdn.com/app/cms/image/transf/dimension=266x355:format=jpg/path/sb01c7afa87881667/image/ic92bbc9361438164/version/1393670115/image.jpg,https://image.jimcdn.com/app/cms/image/transf/dimension=50x50:mode=crop:format=jpg/path/sb01c7afa87881667/image/ic92bbc9361438164/version/1393670115/image.jpg,https://image.jimcdn.com/app/cms/image/transf/dimension=50x50:mode=crop:format=jpg/path/sb01c7afa87881667/image/id15ca5485cd53b2d/version/1393670115/image.jpg"
nos anciennes page 1 -50% de rabais en +,n°11 filtre air renault r20 el1886,filtre air pour renault r20 ref el1886 port en +  pas de tva recuperable,5€,1 kg,"https://image.jimcdn.com/app/cms/image/transf/dimension=266x355:format=jpg/path/sb01c7afa87881667/image/ifb0aa81268397168/version/1393670183/image.jpg,https://image.jimcdn.com/app/cms/image/transf/dimension=50x50:mode=crop:format=jpg/path/sb01c7afa87881667/image/ifb0aa81268397168/version/1393670183/image.jpg,https://image.jimcdn.com/app/cms/image/transf/dimension=50x50:mode=crop:format=jpg/path/sb01c7afa87881667/image/i25b39277f69631f6/version/1393670183/image.jpg"
nos anciennes page 1 -50% de rabais en +,n°12 lot 5 filtres huile camion man f90 h1275,lot 5 filtres huile pour camion man f90 de 1988 a 190 ref mann h1275 port en +  pas de tva recuperable,10€,5 kg,"https://image.jimcdn.com/app/cms/image/transf/dimension=266x355:format=jpg/path/sb01c7afa87881667/image/i2bf057abe31356b7/version/1393670212/image.jpg,https://image.jimcdn.com/app/cms/image/transf/dimension=50x50:mode=crop:format=jpg/path/sb01c7afa87881667/image/i2bf057abe31356b7/version/1393670212/image.jpg,https://image.jimcdn.com/app/cms/image/transf/dimension=50x50:mode=crop:format=jpg/path/sb01c7afa87881667/image/ic5fcf1d51518a03a/version/1393670212/image.jpg"
nos anciennes page 1 -50% de rabais en +,n°16 filtre air peugeot 504 19261,filtre air pour peugeot 504 ref 19261 port en +  pas de tva recuperable,5€,"0,5 kg","https://image.jimcdn.com/app/cms/image/transf/dimension=266x355:format=jpg/path/sb01c7afa87881667/image/i7449777d69ade536/version/1393670232/image.jpg,https://image.jimcdn.com/app/cms/image/transf/dimension=50x50:mode=crop:format=jpg/path/sb01c7afa87881667/image/i7449777d69ade536/version/1393670232/image.jpg,https://image.jimcdn.com/app/cms/image/transf/dimension=50x50:mode=crop:format=jpg/path/sb01c7afa87881667/image/ifd842cc92517e896/version/1393670232/image.jpg"
nos anciennes page 1 -50% de rabais en +,n°26 jeu amortisseurs renault 5 050010,jeu amortisseurs arriere long 47cms pour renault 5 1220 1222 ref allinquant 050010 port en +  pas de tva recuperable,20€,5 kg,"https://image.jimcdn.com/app/cms/image/transf/dimension=266x355:format=jpg/path/sb01c7afa87881667/image/i99c89d86f9b935e5/version/1393670281/image.jpg,https://image.jimcdn.com/app/cms/image/transf/dimension=50x50:mode=crop:format=jpg/path/sb01c7afa87881667/image/i99c89d86f9b935e5/version/1393670281/image.jpg,https://image.jimcdn.com/app/cms/image/transf/dimension=50x50:mode=crop:format=jpg/path/sb01c7afa87881667/image/ie7e4878778c4d152/version/1393670281/image.jpg"
nos anciennes page 1 -50% de rabais en +,n°29 jeu amortisseurs renault r20 050057,jeu amortisseurs avant long 40 cms pour renault r20 apres 1975 ref 050057 allinquant port en +  pas de tva recuperable,20€,7 kg,"https://image.jimcdn.com/app/cms/image/transf/dimension=266x355:format=jpg/path/sb01c7afa87881667/image/ic58b4619c36de319/version/1393670304/image.jpg,https://image.jimcdn.com/app/cms/image/transf/dimension=50x50:mode=crop:format=jpg/path/sb01c7afa87881667/image/ic58b4619c36de319/version/1393670304/image.jpg,https://image.jimcdn.com/app/cms/image/transf/dimension=50x50:mode=crop:format=jpg/path/sb01c7afa87881667/image/i23b4aa10c61af9c2/version/1393670304/image.jpg"
nos anciennes page 1 -50% de rabais en +,n°35 jeu amortisseurs renault r20 059162,jeu amortisseurs arriere long 57 cms pour renault r20 depuis 9/1975 ref 059162 allinquant port en +  pas de tva recuperable,22.5€,10 kg,"https://image.jimcdn.com/app/cms/image/transf/dimension=266x355:format=jpg/path/sb01c7afa87881667/image/i5c7f286289874f30/version/1393670368/image.jpg,https://image.jimcdn.com/app/cms/image/transf/dimension=50x50:mode=crop:format=jpg/path/sb01c7afa87881667/image/i5c7f286289874f30/version/1393670368/image.jpg,https://image.jimcdn.com/app/cms/image/transf/dimension=50x50:mode=crop:format=jpg/path/sb01c7afa87881667/image/i4aa6bb62be5b5551/version/1393670368/image.jpg"
nos anciennes page 1 -50% de rabais en +,n°37 jeu amortisseurs avant renault r16,"jeu amortisseurs avant long 40cms pour renault r16 ""sport"" port en +  pas de tva recuperable",25€,5 kg,"https://image.jimcdn.com/app/cms/image/transf/dimension=266x355:format=jpg/path/sb01c7afa87881667/image/ia96de0c8e6d337a9/version/1393670413/image.jpg,https://image.jimcdn.com/app/cms/image/transf/dimension=50x50:mode=crop:format=jpg/path/sb01c7afa87881667/image/ia96de0c8e6d337a9/version/1393670413/image.jpg,https://image.jimcdn.com/app/cms/image/transf/dimension=50x50:mode=crop:format=jpg/path/sb01c7afa87881667/image/i6f2e745cc1bcdf11/version/1393670413/image.jpg"
nos anciennes page 1 -50% de rabais en +,n°43 jeu amortisseurs peugeot 403 404 5318,"jeu amortisseurs arriere long 38cms pour peugeot 403 ""sport"" 404 ""sport"" ref 5318 allinquant port en +  pas de tva recuperable",50€,5 kg,"https://image.jimcdn.com/app/cms/image/transf/dimension=266x355:format=jpg/path/sb01c7afa87881667/image/i57fffb45b01c417f/version/1393670458/image.jpg,https://image.jimcdn.com/app/cms/image/transf/dimension=50x50:mode=crop:format=jpg/path/sb01c7afa87881667/image/i57fffb45b01c417f/version/1393670458/image.jpg,https://image.jimcdn.com/app/cms/image/transf/dimension=50x50:mode=crop:format=jpg/path/sb01c7afa87881667/image/i9e823ca53f608dd4/version/1393670458/image.jpg"
nos anciennes page 1 -50% de rabais en +,n°66 jeu amortisseurs mercedes w126 103159,jeu amortisseurs avant long 43cms pour mercedes type w126 de 10/1985 a 6/1991 ref 103159 record port en +  pas de tva recuperable,40€,5 kg,"https://image.jimcdn.com/app/cms/image/transf/dimension=266x355:format=jpg/path/sb01c7afa87881667/image/i1d11426654ab5b08/version/1393670605/image.jpg,https://image.jimcdn.com/app/cms/image/transf/dimension=50x50:mode=crop:format=jpg/path/sb01c7afa87881667/image/i1d11426654ab5b08/version/1393670605/image.jpg,https://image.jimcdn.com/app/cms/image/transf/dimension=50x50:mode=crop:format=jpg/path/sb01c7afa87881667/image/idbb553659c157e91/version/1393670605/image.jpg"
nos anciennes page 1 -50% de rabais en +,n°59 jeu amortisseurs mercedes 220 230 sl 264006,jeu amortisseurs arriere long 37cms pour mercedes 220 sl 230 sl ref 264006 ou 2606 allinquant port en +  pas de tva recuperable,50€,5 kg,"https://image.jimcdn.com/app/cms/image/transf/dimension=266x355:format=jpg/path/sb01c7afa87881667/image/i2422567474bab982/version/1393670636/image.jpg,https://image.jimcdn.com/app/cms/image/transf/dimension=50x50:mode=crop:format=jpg/path/sb01c7afa87881667/image/i2422567474bab982/version/1393670636/image.jpg,https://image.jimcdn.com/app/cms/image/transf/dimension=50x50:mode=crop:format=jpg/path/sb01c7afa87881667/image/icc6a81f277ed38e1/version/1393670636/image.jpg"
nos anciennes page 1 -50% de rabais en +,n°a52 jeu machoires nissan cherry datsun 100 gs8030,jeu machoires arriere diam 180mm ep 31mm pour nissan cherry de 1970 a 1978 1.0 datsun 100 de 1974 a 1980 1.0 ref gs8030 port en +  pas de tva recup,10€,2 kg,https://image.jimcdn.com/app/cms/image/transf/dimension=266x355:format=jpg/path/sb01c7afa87881667/image/i3da16858ed95565d/version/1393670658/image.jpg
nos anciennes page 1 -50% de rabais en +,n°a53 jeu machoires nissan cherry sunny datsun 120 gs8096,jeu machoires arriere diam 203.2 mm ep 36mm pour nissan cherry 1.0 1.2 1.3 1.4 1.5 de 1978 a 1982 sunny 1.4 1.5 de 1979 a 1982 datsun 120 de 1975 a 1980 1.2 ref gs8096 port en + pas de tva recup,10€,2 kg,https://image.jimcdn.com/app/cms/image/transf/dimension=266x355:format=jpg/path/sb01c7afa87881667/image/i0475725e0b6d2563/version/1393670682/image.jpg
nos anciennes page 1 -50% de rabais en +,n°a55 jeu machoires lada 1200 1600 562524,jeu machoires arriere diam 248mm ep 51mm pour lada 1200 1600 de 1979 a 1986 port en +  ref 562524 pas de tva recup,15€,5 kg,https://image.jimcdn.com/app/cms/image/transf/dimension=266x355:format=jpg/path/sb01c7afa87881667/image/i42f6d21525860dc0/version/1393670726/image.jpg
nos anciennes page 1 -50% de rabais en +,n°a61 lot bras essuie glace renault r25,lot 8 bras essuie glace valeo 2 x arriere 6 x avant droit pour renault r25 toutes serie 2 apres 1988 port en + pas de tva recup,50€,5 kg,https://image.jimcdn.com/app/cms/image/transf/dimension=266x355:format=jpg/path/sb01c7afa87881667/image/i03809b2c18585ce4/version/1397551143/image.jpg
nos anciennes page 1 -50% de rabais en +,n°a63 jeu machoires renault r21 4x4 562535,jeu machoires arriere diam 255mm ep 55mm pour renault r21 4x4 apres 1987 ref 562535 port en +  pas de tva recup,30€,3 kg,https://image.jimcdn.com/app/cms/image/transf/dimension=266x355:format=jpg/path/sb01c7afa87881667/image/i002356a3cf0927a4/version/1393670806/image.jpg
